RefLocation	RefBase	CfLocation	CfBase	SiteQual	LocalQual
20	A	66	N	52	48
21	C	67	N	52	47
22	G	68	N	52	45
23	G	69	N	45	45
24	A	70	N	35	45
25	G	71	N	35	45
26	A	72	N	35	43
27	C	73	N	35	42
28	C	74	N	52	41
29	G	75	N	52	40
30	A	76	N	52	40
31	A	77	N	35	40
32	G	78	N	44	41
33	G	79	N	35	42
34	A	80	a	35	41
35	G	81	g	35	41
36	A	82	a	40	41
60	A	106	T	55	53
61	C	107	G	55	54
169	A	215	G	55	54
170	A	216	G	55	54
172	A	218	G	55	55
177	T	223	C	55	55
391	G	437	A	55	55
592	A	638	C	55	53
1037	G	1083	-	30	24
1044	C	1089	-	38	25
1068	A	1112	-	30	27
1079	G	1122	-	30	22
1089	C	1131	-	16	15
